Model,R2_Score,RMSE,MAE
Linear Regression,0.87945764398363,20.34393892314159,15.31326687779314
Decision Tree,0.946875552924575,13.505554412907307,9.69
Random Forest,0.9687348912426941,10.36084501862662,7.855050000000001
Gradient Boosting,0.9756059069169798,9.151821562435702,7.20472013887439
Support Vector Regressor,0.49872078571279876,41.48633347376405,32.193905763576495
K-Nearest Neighbors,0.4250754671507282,44.429418182100925,33.233999999999995
